city name	MSA
"Abilene, TX"	"Abilene, TX"
"Impact, TX"	"Abilene, TX"
"Akron, OH"	"Akron, OH"
"Albany, GA"	"Albany, GA"
"Rensselaer, NY"	"Albany Schenectady Troy, NY"
"Hampton Manor, NY"	"Albany Schenectady Troy, NY"
"Menands, NY"	"Albany Schenectady Troy, NY"
"Roessleville, NY"	"Albany Schenectady Troy, NY"
"Albany, NY"	"Albany Schenectady Troy, NY"
"Loudonville, NY"	"Albany Schenectady Troy, NY"
"Albuquerque, NM"	"Albuquerque, NM"
"North Valley, NM"	"Albuquerque, NM"
"Los Ranchos de Albuquerque, NM"	"Albuquerque, NM"
"Alexandria, LA"	"Alexandria, LA"
"Pineville, LA"	"Alexandria, LA"
"Willow Glen, LA"	"Alexandria, LA"
"Anandale, LA"	"Alexandria, LA"
"North Catasauqua, PA"	"Allentown Bethlehem Easton, PA NJ"
"Coplay, PA"	"Allentown Bethlehem Easton, PA NJ"
"Dorneyville, PA"	"Allentown Bethlehem Easton, PA NJ"
"Allentown, PA"	"Allentown Bethlehem Easton, PA NJ"
"Stiles, PA"	"Allentown Bethlehem Easton, PA NJ"
"Catasauqua, PA"	"Allentown Bethlehem Easton, PA NJ"
"Cetronia, PA"	"Allentown Bethlehem Easton, PA NJ"
"Fullerton, PA"	"Allentown Bethlehem Easton, PA NJ"
"Hokendauqua, PA"	"Allentown Bethlehem Easton, PA NJ"
"Greenwood, PA"	"Altoona, PA"
"Lakemont, PA"	"Altoona, PA"
"Altoona, PA"	"Altoona, PA"
"Amarillo, TX"	"Amarillo, TX"
"Ames, IA"	"Ames, IA"
"Spenard, AK"	"Anchorage, AK"
"Barton Hills, MI"	"Ann Arbor, MI"
"Ann Arbor, MI"	"Ann Arbor, MI"
"Menasha, WI"	"Appleton, WI"
"Appleton, WI"	"Appleton, WI"
"Woodfin, NC"	"Asheville, NC"
"Asheville, NC"	"Asheville, NC"
"Biltmore Forest, NC"	"Asheville, NC"
"Athens, GA"	"Athens Clarke County, GA"
"Atlanta, GA"	"Atlanta Sandy Springs Roswell, GA"
"Ventnor City, NJ"	"Atlantic City Hammonton, NJ"
"Atlantic City, NJ"	"Atlantic City Hammonton, NJ"
"Brigantine, NJ"	"Atlantic City Hammonton, NJ"
"Auburn, AL"	"Auburn Opelika, AL"
"Austin, TX"	"Austin Round Rock, TX"
"Rollingwood, TX"	"Austin Round Rock, TX"
"West Lake Hills, TX"	"Austin Round Rock, TX"
"Bakersfield, CA"	"Bakersfield, CA"
"Oildale, CA"	"Bakersfield, CA"
"Baltimore Highlands, MD"	"Baltimore Columbia Towson, MD"
"Arundel Village, MD"	"Baltimore Columbia Towson, MD"
"Baltimore, MD"	"Baltimore Columbia Towson, MD"
"Brewer, ME"	"Bangor, ME"
"Bangor, ME"	"Bangor, ME"
"Barnstable, MA"	"Barnstable Town, MA"
"Hyannis, MA"	"Barnstable Town, MA"
"Baton Rouge, LA"	"Baton Rouge, LA"
"Merrydale, LA"	"Baton Rouge, LA"
"Battle Creek, MI"	"Battle Creek, MI"
"Brownlee Park, MI"	"Battle Creek, MI"
"Springfield, MI"	"Battle Creek, MI"
"Bay City, MI"	"Bay City, MI"
"Essexville, MI"	"Bay City, MI"
"Beaumont, TX"	"Beaumont Port Arthur, TX"
"Bellingham, WA"	"Bellingham, WA"
"Bend, OR"	"Bend Redmond, OR"
"Billings, MT"	"Billings, MT"
"Port Dickinson, NY"	"Binghamton, NY"
"Johnson City, NY"	"Binghamton, NY"
"Binghamton, NY"	"Binghamton, NY"
"Homewood, AL"	"Birmingham Hoover, AL"
"Birmingham, AL"	"Birmingham Hoover, AL"
"Bismarck, ND"	"Bismarck, ND"
"Blacksburg, VA"	"Blacksburg Christiansburg Radford, VA"
"Merrimac, VA"	"Blacksburg Christiansburg Radford, VA"
"Normal, IL"	"Bloomington, IL"
"Bloomington, IL"	"Bloomington, IL"
"Clear Creek, IN"	"Bloomington, IN"
"Bloomington, IN"	"Bloomington, IN"
"Garden City, ID"	"Boise City, ID"
"Boise, ID"	"Boise City, ID"
"Everett, MA"	"Boston Cambridge Newton, MA NH"
"Somerville, MA"	"Boston Cambridge Newton, MA NH"
"Chelsea, MA"	"Boston Cambridge Newton, MA NH"
"Cambridge, MA"	"Boston Cambridge Newton, MA NH"
"Boston, MA"	"Boston Cambridge Newton, MA NH"
"Valmont, CO"	"Boulder, CO"
"Seven Hills, CO"	"Boulder, CO"
"Sequndo, CO"	"Boulder, CO"
"Pine Brook Hill, CO"	"Boulder, CO"
"Boulder, CO"	"Boulder, CO"
"Bowling Green, KY"	"Bowling Green, KY"
"Memphis Junction, KY"	"Bowling Green, KY"
"Parkwood, WA"	"Bremerton Silverdale, WA"
"Tracyton, WA"	"Bremerton Silverdale, WA"
"Fairview, WA"	"Bremerton Silverdale, WA"
"Annapolis, WA"	"Bremerton Silverdale, WA"
"Rocky Point, WA"	"Bremerton Silverdale, WA"
"Enetai, WA"	"Bremerton Silverdale, WA"
"Erlands Point, WA"	"Bremerton Silverdale, WA"
"Navy Yard City, WA"	"Bremerton Silverdale, WA"
"Port Orchard, WA"	"Bremerton Silverdale, WA"
"East Port Orchard, WA"	"Bremerton Silverdale, WA"
"Bridgeport, CT"	"Bridgeport Stamford Norwalk, CT"
"Stratford, CT"	"Bridgeport Stamford Norwalk, CT"
"Arco, GA"	"Brunswick, GA"
"Country Club Estates, GA"	"Brunswick, GA"
"Brunswick, GA"	"Brunswick, GA"
"Dock Junction, GA"	"Brunswick, GA"
"Buffalo, NY"	"Buffalo Cheektowaga Niagara Falls, NY"
"Burlington, NC"	"Burlington, NC"
"Graham, NC"	"Burlington, NC"
"Glen Raven, NC"	"Burlington, NC"
"Burlington, VT"	"Burlington South Burlington, VT"
"Winooski, VT"	"Burlington South Burlington, VT"
"South Burlington, VT"	"Burlington South Burlington, VT"
"Canton, OH"	"Canton Massillon, OH"
"Meyers Lake, OH"	"Canton Massillon, OH"
"North Industry, OH"	"Canton Massillon, OH"
"Iona, FL"	"Cape Coral Fort Myers, FL"
"McGregor, FL"	"Cape Coral Fort Myers, FL"
"Harlem Heights, FL"	"Cape Coral Fort Myers, FL"
"Cypress Lake, FL"	"Cape Coral Fort Myers, FL"
"Whiskey Creek, FL"	"Cape Coral Fort Myers, FL"
"East Cape Girardeau, IL"	"Cape Girardeau, MO IL"
"Cape Girardeau, MO"	"Cape Girardeau, MO IL"
"Carson City, NV"	"Carson City, NV"
"Allendale, WY"	"Casper, WY"
"Casper, WY"	"Casper, WY"
"Hartrandt, WY"	"Casper, WY"
"Evansville, WY"	"Casper, WY"
"Bar Nunn, WY"	"Casper, WY"
"Cedar Rapids, IA"	"Cedar Rapids, IA"
"Champaign, IL"	"Champaign Urbana, IL"
"Urbana, IL"	"Champaign Urbana, IL"
"Savoy, IL"	"Champaign Urbana, IL"
"Charleston, WV"	"Charleston, WV"
"Charleston, SC"	"Charleston North Charleston, SC"
"Saint Andrews, SC"	"Charleston North Charleston, SC"
"Centerville, SC"	"Charleston North Charleston, SC"
"Charlotte, NC"	"Charlotte Concord Gastonia, NC SC"
"Commonwealth, VA"	"Charlottesville, VA"
"University Heights, VA"	"Charlottesville, VA"
"Charlottesville, VA"	"Charlottesville, VA"
"Pantops, VA"	"Charlottesville, VA"
"Rio, VA"	"Charlottesville, VA"
"Barracks, VA"	"Charlottesville, VA"
"Lookout Mountain, TN"	"Chattanooga, TN GA"
"Ridgeside, TN"	"Chattanooga, TN GA"
"Red Bank, TN"	"Chattanooga, TN GA"
"Chattanooga, TN"	"Chattanooga, TN GA"
"South Greeley, WY"	"Cheyenne, WY"
"Orchard Valley, WY"	"Cheyenne, WY"
"Cheyenne, WY"	"Cheyenne, WY"
"Chicago, IL"	"Chicago Naperville Elgin, IL IN WI"
"Chico, CA"	"Chico, CA"
"Bromley, KY"	"Cincinnati, OH KY IN"
"Saint Bernard, OH"	"Cincinnati, OH KY IN"
"Southgate, KY"	"Cincinnati, OH KY IN"
"Fort Thomas, KY"	"Cincinnati, OH KY IN"
"Newport, KY"	"Cincinnati, OH KY IN"
"Dayton, KY"	"Cincinnati, OH KY IN"
"Fort Wright, KY"	"Cincinnati, OH KY IN"
"Bellevue, KY"	"Cincinnati, OH KY IN"
"Park Hills, KY"	"Cincinnati, OH KY IN"
"Covington, KY"	"Cincinnati, OH KY IN"
"Ludlow, KY"	"Cincinnati, OH KY IN"
"Woodlawn, KY"	"Cincinnati, OH KY IN"
"Kenton Vale, KY"	"Cincinnati, OH KY IN"
"Cincinnati, OH"	"Cincinnati, OH KY IN"
"New Providence, TN"	"Clarksville, TN KY"
"Clarksville, TN"	"Clarksville, TN KY"
"Cleveland, TN"	"Cleveland, TN"
"South Cleveland, TN"	"Cleveland, TN"
"East Cleveland, TN"	"Cleveland, TN"
"Cleveland, OH"	"Cleveland Elyria, OH"
"Newburgh Heights, OH"	"Cleveland Elyria, OH"
"Dalton Gardens, ID"	"Coeur d'Alene, ID"
"Coeur d'Alene, ID"	"Coeur d'Alene, ID"
"Fernan Lake Village, ID"	"Coeur d'Alene, ID"
"Bryan, TX"	"College Station Bryan, TX"
"College Station, TX"	"College Station Bryan, TX"
"Colorado Springs, CO"	"Colorado Springs, CO"
"Broadmoor, CO"	"Colorado Springs, CO"
"Columbia, MO"	"Columbia, MO"
"Cayce, SC"	"Columbia, SC"
"West Columbia, SC"	"Columbia, SC"
"Phenix City, AL"	"Columbus, GA AL"
"Columbus, IN"	"Columbus, IN"
"Bexley, OH"	"Columbus, OH"
"Marble Cliff, OH"	"Columbus, OH"
"Columbus, OH"	"Columbus, OH"
"Grandview Heights, OH"	"Columbus, OH"
"Corvallis, OR"	"Corvallis, OR"
"Crestview, FL"	"Crestview Fort Walton Beach Destin, FL"
"Milligan, FL"	"Crestview Fort Walton Beach Destin, FL"
"La Vale, MD"	"Cumberland, MD WV"
"Bowling Green, MD"	"Cumberland, MD WV"
"Ridgeley, WV"	"Cumberland, MD WV"
"Potomac Park, MD"	"Cumberland, MD WV"
"Corriganville, MD"	"Cumberland, MD WV"
"Ellerslie, MD"	"Cumberland, MD WV"
"Carpendale, WV"	"Cumberland, MD WV"
"Bowmans Addition, MD"	"Cumberland, MD WV"
"Wiley Ford, WV"	"Cumberland, MD WV"
"Cumberland, MD"	"Cumberland, MD WV"
"Dallas, TX"	"Dallas Fort Worth Arlington, TX"
"Highland Park, TX"	"Dallas Fort Worth Arlington, TX"
"Waring, GA"	"Dalton, GA"
"Dalton, GA"	"Dalton, GA"
"Belgium, IL"	"Danville, IL"
"Tilton, IL"	"Danville, IL"
"Danville, IL"	"Danville, IL"
"Rock Island, IL"	"Davenport Moline Rock Island, IA IL"
"Davenport, IA"	"Davenport Moline Rock Island, IA IL"
"Oakwood, OH"	"Dayton, OH"
"Dayton, OH"	"Dayton, OH"
"Decatur, AL"	"Decatur, AL"
"Moulton Heights, AL"	"Decatur, AL"
"Decatur, IL"	"Decatur, IL"
"Enterprise, FL"	"Deltona Daytona Beach Ormond Beach, FL"
"Orange City, FL"	"Deltona Daytona Beach Ormond Beach, FL"
"Deltona, FL"	"Deltona Daytona Beach Ormond Beach, FL"
"DeBary, FL"	"Deltona Daytona Beach Ormond Beach, FL"
"Glendale, CO"	"Denver Aurora Lakewood, CO"
"Des Moines, IA"	"Des Moines West Des Moines, IA"
"Hamtramck, MI"	"Detroit Warren Dearborn, MI"
"Dothan, AL"	"Dothan, AL"
"Rising Sun, DE"	"Dover, DE"
"Highland Acres, DE"	"Dover, DE"
"Lebanon, DE"	"Dover, DE"
"Kent Acres, DE"	"Dover, DE"
"Rodney Village, DE"	"Dover, DE"
"Camden, DE"	"Dover, DE"
"Wyoming, DE"	"Dover, DE"
"Dover, DE"	"Dover, DE"
"East Dubuque, IL"	"Dubuque, IA"
"Key West, IA"	"Dubuque, IA"
"Dubuque, IA"	"Dubuque, IA"
"Sandy Hook, WI"	"Dubuque, IA"
"Sageville, IA"	"Dubuque, IA"
"Duluth, MN"	"Duluth, MN WI"
"Durham, NC"	"Durham Chapel Hill, NC"
"Eau Claire, WI"	"Eau Claire, WI"
"Altoona, WI"	"Eau Claire, WI"
"El Centro, CA"	"El Centro, CA"
"Imperial, CA"	"El Centro, CA"
"Elizabethtown, KY"	"Elizabethtown Fort Knox, KY"
"Elkhart, IN"	"Elkhart Goshen, IN"
"Simonton Lake, IN"	"Elkhart Goshen, IN"
"Elmira Heights, NY"	"Elmira, NY"
"West Elmira, NY"	"Elmira, NY"
"Elmira, NY"	"Elmira, NY"
"Southport, NY"	"Elmira, NY"
"Lawrence Park, PA"	"Erie, PA"
"Erie, PA"	"Erie, PA"
"River Road, OR"	"Eugene, OR"
"Santa Clara, OR"	"Eugene, OR"
"Eugene, OR"	"Eugene, OR"
"Evansville, IN"	"Evansville, IN KY"
"Fairbanks, AK"	"Fairbanks, AK"
"Lemeta, AK"	"Fairbanks, AK"
"Fargo, ND"	"Fargo, ND MN"
"Moorhead, MN"	"Fargo, ND MN"
"Farmington, NM"	"Farmington, NM"
"Fayetteville, AR"	"Fayetteville Springdale Rogers, AR MO"
"Flagstaff, AZ"	"Flagstaff, AZ"
"Flint, MI"	"Flint, MI"
"Quinby, SC"	"Florence, SC"
"Florence, SC"	"Florence, SC"
"Petersville, AL"	"Florence Muscle Shoals, AL"
"Florence, AL"	"Florence Muscle Shoals, AL"
"Sheffield, AL"	"Florence Muscle Shoals, AL"
"Taycheedah, WI"	"Fond du Lac, WI"
"Fond du Lac, WI"	"Fond du Lac, WI"
"North Fond du Lac, WI"	"Fond du Lac, WI"
"Fort Collins, CO"	"Fort Collins, CO"
"Arkoma, OK"	"Fort Smith, AR OK"
"Fort Smith, AR"	"Fort Smith, AR OK"
"Moffett, OK"	"Fort Smith, AR OK"
"Fort Wayne, IN"	"Fort Wayne, IN"
"Fresno, CA"	"Fresno, CA"
"Calwa, CA"	"Fresno, CA"
"Gadsden, AL"	"Gadsden, AL"
"Reece City, AL"	"Gadsden, AL"
"Gainesville, FL"	"Gainesville, FL"
"Chicopee, GA"	"Gainesville, GA"
"Gainesville, GA"	"Gainesville, GA"
"Cairo, NY"	"Glens Falls, NY"
"Acra, NY"	"Glens Falls, NY"
"Goldsboro, NC"	"Goldsboro, NC"
"Belfast, NC"	"Goldsboro, NC"
"Grand Forks, ND"	"Grand Forks, ND MN"
"East Grand Forks, MN"	"Grand Forks, ND MN"
"Orchard Mesa, CO"	"Grand Junction, CO"
"Grand Junction, CO"	"Grand Junction, CO"
"East Grand Rapids, MI"	"Grand Rapids Wyoming, MI"
"Grand Rapids, MI"	"Grand Rapids Wyoming, MI"
"Gibson Flats, MT"	"Great Falls, MT"
"Great Falls, MT"	"Great Falls, MT"
"Black Eagle, MT"	"Great Falls, MT"
"Greeley, CO"	"Greeley, CO"
"Garden City, CO"	"Greeley, CO"
"Lucerne, CO"	"Greeley, CO"
"Evans, CO"	"Greeley, CO"
"Green Bay, WI"	"Green Bay, WI"
"Allouez, WI"	"Green Bay, WI"
"Brightwood, NC"	"Greensboro High Point, NC"
"Greensboro, NC"	"Greensboro High Point, NC"
"Greenville, NC"	"Greenville, NC"
"Sans Souci, SC"	"Greenville Anderson Mauldin, SC"
"Judson, SC"	"Greenville Anderson Mauldin, SC"
"City View, SC"	"Greenville Anderson Mauldin, SC"
"Dunean, SC"	"Greenville Anderson Mauldin, SC"
"Greenville, SC"	"Greenville Anderson Mauldin, SC"
"Parker, SC"	"Greenville Anderson Mauldin, SC"
"Wade Hampton, SC"	"Greenville Anderson Mauldin, SC"
"Gantt, SC"	"Greenville Anderson Mauldin, SC"
"Gulfport, MS"	"Gulfport Biloxi Pascagoula, MS"
"Funkstown, MD"	"Hagerstown Martinsburg, MD WV"
"Hagerstown, MD"	"Hagerstown Martinsburg, MD WV"
"Halfway, MD"	"Hagerstown Martinsburg, MD WV"
"Maugansville, MD"	"Hagerstown Martinsburg, MD WV"
"Long Meadow, MD"	"Hagerstown Martinsburg, MD WV"
"Bridgeport, MD"	"Hagerstown Martinsburg, MD WV"
"Robinwood, MD"	"Hagerstown Martinsburg, MD WV"
"Grangeville, CA"	"Hanford Corcoran, CA"
"Hanford, CA"	"Hanford Corcoran, CA"
"Home Garden, CA"	"Hanford Corcoran, CA"
"Armona, CA"	"Hanford Corcoran, CA"
"Lemoyne, PA"	"Harrisburg Carlisle, PA"
"Wormleysburg, PA"	"Harrisburg Carlisle, PA"
"Harrisburg, PA"	"Harrisburg Carlisle, PA"
"Progress, PA"	"Harrisburg Carlisle, PA"
"Penbrook, PA"	"Harrisburg Carlisle, PA"
"New Market, PA"	"Harrisburg Carlisle, PA"
"New Cumberland, PA"	"Harrisburg Carlisle, PA"
"Lower Allen, PA"	"Harrisburg Carlisle, PA"
"Enola, PA"	"Harrisburg Carlisle, PA"
"Camp Hill, PA"	"Harrisburg Carlisle, PA"
"West Fairview, PA"	"Harrisburg Carlisle, PA"
"Paxtang, PA"	"Harrisburg Carlisle, PA"
"Belmont Estates, VA"	"Harrisonburg, VA"
"Harrisonburg, VA"	"Harrisonburg, VA"
"Massanetta Springs, VA"	"Harrisonburg, VA"
"West Hartford, CT"	"Hartford West Hartford East Hartford, CT"
"Hartford, CT"	"Hartford West Hartford East Hartford, CT"
"East Hartford, CT"	"Hartford West Hartford East Hartford, CT"
"Blue Hills, CT"	"Hartford West Hartford East Hartford, CT"
"Wethersfield, CT"	"Hartford West Hartford East Hartford, CT"
"Palmers Crossing, MS"	"Hattiesburg, MS"
"Hattiesburg, MS"	"Hattiesburg, MS"
"Glendale, MS"	"Hattiesburg, MS"
"Petal, MS"	"Hattiesburg, MS"
"Bonhomie, MS"	"Hattiesburg, MS"
"Northlakes, NC"	"Hickory Lenoir Morganton, NC"
"Mountain View, NC"	"Hickory Lenoir Morganton, NC"
"Hickory, NC"	"Hickory Lenoir Morganton, NC"
"Longview, NC"	"Hickory Lenoir Morganton, NC"
"Brookford, NC"	"Hickory Lenoir Morganton, NC"
"Allenhurst, GA"	"Hinesville, GA"
"Flemington, GA"	"Hinesville, GA"
"Hinesville, GA"	"Hinesville, GA"
"Hot Springs, AR"	"Hot Springs, AR"
"Bayou Cane, LA"	"Houma Thibodaux, LA"
"Houma, LA"	"Houma Thibodaux, LA"
"Southdown, LA"	"Houma Thibodaux, LA"
"Houston, TX"	"Houston The Woodlands Sugar Land, TX"
"Huntington, WV"	"Huntington Ashland, WV KY OH"
"Chesapeake, OH"	"Huntington Ashland, WV KY OH"
"Proctorville, OH"	"Huntington Ashland, WV KY OH"
"Huntsville, AL"	"Huntsville, AL"
"Chase, AL"	"Huntsville, AL"
"Normal, AL"	"Huntsville, AL"
"Idaho Falls, ID"	"Idaho Falls, ID"
"Indianapolis, IN"	"Indianapolis Carmel Anderson, IN"
"University Heights, IA"	"Iowa City, IA"
"Iowa City, IA"	"Iowa City, IA"
"Ithaca, NY"	"Ithaca, NY"
"Forest Home, NY"	"Ithaca, NY"
"Lansing, NY"	"Ithaca, NY"
"Cayuga Heights, NY"	"Ithaca, NY"
"South Hill, NY"	"Ithaca, NY"
"East Ithaca, NY"	"Ithaca, NY"
"Jackson, MI"	"Jackson, MI"
"Vandercook Lake, MI"	"Jackson, MI"
"Jackson, MS"	"Jackson, MS"
"Westover, TN"	"Jackson, TN"
"Jackson, TN"	"Jackson, TN"
"Bemis, TN"	"Jackson, TN"
"Jacksonville, FL"	"Jacksonville, FL"
"Jacksonville, NC"	"Jacksonville, NC"
"Jefferson City, MO"	"Jefferson City, MO"
"Cedar City, MO"	"Jefferson City, MO"
"Pine Crest, TN"	"Johnson City, TN"
"Johnson City, TN"	"Johnson City, TN"
"Central, TN"	"Johnson City, TN"
"Geistown, PA"	"Johnstown, PA"
"Lorain, PA"	"Johnstown, PA"
"Belmont, PA"	"Johnstown, PA"
"Johnstown, PA"	"Johnstown, PA"
"Daisytown, PA"	"Johnstown, PA"
"Southmont, PA"	"Johnstown, PA"
"Dale, PA"	"Johnstown, PA"
"Conemaugh, PA"	"Johnstown, PA"
"Westmont, PA"	"Johnstown, PA"
"Elim, PA"	"Johnstown, PA"
"East Conemaugh, PA"	"Johnstown, PA"
"Ferndale, PA"	"Johnstown, PA"
"Brownstown, PA"	"Johnstown, PA"
"Jonesboro, AR"	"Jonesboro, AR"
"Oakland Park, MO"	"Joplin, MO"
"Joplin, MO"	"Joplin, MO"
"Airport Drive, MO"	"Joplin, MO"
"Duquesne, MO"	"Joplin, MO"
"Shoal Creek Drive, MO"	"Joplin, MO"
"Cliff Village, MO"	"Joplin, MO"
"Shoal Creek Estates, MO"	"Joplin, MO"
"Grand Falls Plaza, MO"	"Joplin, MO"
"Iron Gates, MO"	"Joplin, MO"
"Leawood, MO"	"Joplin, MO"
"Redings Mill, MO"	"Joplin, MO"
"Silver Creek, MO"	"Joplin, MO"
"Dennis Acres, MO"	"Joplin, MO"
"Parchment, MI"	"Kalamazoo Portage, MI"
"Kalamazoo, MI"	"Kalamazoo Portage, MI"
"Westwood, MI"	"Kalamazoo Portage, MI"
"Eastwood, MI"	"Kalamazoo Portage, MI"
"Bourbonnais, IL"	"Kankakee, IL"
"Bradley, IL"	"Kankakee, IL"
"Kankakee, IL"	"Kankakee, IL"
"North Kansas City, MO"	"Kansas City, MO KS"
"Westwood Hills, KS"	"Kansas City, MO KS"
"Kansas City, MO"	"Kansas City, MO KS"
"Avondale, MO"	"Kansas City, MO KS"
"Pasco, WA"	"Kennewick Richland, WA"
"Kennewick, WA"	"Kennewick Richland, WA"
"West Pasco, WA"	"Kennewick Richland, WA"
"Killeen, TX"	"Killeen Temple, TX"
"Kingsport, TN"	"Kingsport Bristol Bristol, TN VA"
"Lynn Garden, TN"	"Kingsport Bristol Bristol, TN VA"
"Bloomingdale, TN"	"Kingsport Bristol Bristol, TN VA"
"Kingston, NY"	"Kingston, NY"
"Rhinecliff, NY"	"Kingston, NY"
"Hillside, NY"	"Kingston, NY"
"Hurley, NY"	"Kingston, NY"
"Lincoln Park, NY"	"Kingston, NY"
"Lake Katrine, NY"	"Kingston, NY"
"Port Ewen, NY"	"Kingston, NY"
"East Kingston, NY"	"Kingston, NY"
"Knoxville, TN"	"Knoxville, TN"
"Kokomo, IN"	"Kokomo, IN"
"Indian Heights, IN"	"Kokomo, IN"
"La Crescent, MN"	"La Crosse Onalaska, WI MN"
"French Island, WI"	"La Crosse Onalaska, WI MN"
"La Crosse, WI"	"La Crosse Onalaska, WI MN"
"Lafayette, LA"	"Lafayette, LA"
"Lafayette, IN"	"Lafayette West Lafayette, IN"
"West Lafayette, IN"	"Lafayette West Lafayette, IN"
"Westlake, LA"	"Lake Charles, LA"
"Lake Charles, LA"	"Lake Charles, LA"
"Goosport, LA"	"Lake Charles, LA"
"Lake Havasu City, AZ"	"Lake Havasu City Kingman, AZ"
"Combee Settlement, FL"	"Lakeland Winter Haven, FL"
"Lakeland, FL"	"Lakeland Winter Haven, FL"
"Crystal Lake, FL"	"Lakeland Winter Haven, FL"
"Eaton Park, FL"	"Lakeland Winter Haven, FL"
"Millersville, PA"	"Lancaster, PA"
"Willow Street, PA"	"Lancaster, PA"
"Lancaster, PA"	"Lancaster, PA"
"Edgemont Park, MI"	"Lansing East Lansing, MI"
"Lansing, MI"	"Lansing East Lansing, MI"
"Laredo, TX"	"Laredo, TX"
"Mesilla, NM"	"Las Cruces, NM"
"Las Cruces, NM"	"Las Cruces, NM"
"University Park, NM"	"Las Cruces, NM"
"San Pablo, NM"	"Las Cruces, NM"
"Winchester, NV"	"Las Vegas Henderson Paradise, NV"
"Lawrence, KS"	"Lawrence, KS"
"Lawton, OK"	"Lawton, OK"
"Hebron, PA"	"Lebanon, PA"
"Lebanon, PA"	"Lebanon, PA"
"Avon Heights, PA"	"Lebanon, PA"
"Avon, PA"	"Lebanon, PA"
"Pleasant Hill, PA"	"Lebanon, PA"
"Sand Hill, PA"	"Lebanon, PA"
"Cleona, PA"	"Lebanon, PA"
"Quentin, PA"	"Lebanon, PA"
"Lewiston Orchards, ID"	"Lewiston, ID WA"
"Lewiston, ID"	"Lewiston, ID WA"
"Clarkston, WA"	"Lewiston, ID WA"
"Lewiston, ME"	"Lewiston Auburn, ME"
"Auburn, ME"	"Lewiston Auburn, ME"
"Jonestown, KY"	"Lexington Fayette, KY"
"Lexington, KY"	"Lexington Fayette, KY"
"Greendale, KY"	"Lexington Fayette, KY"
"Lima, OH"	"Lima, OH"
"Lincoln, NE"	"Lincoln, NE"
"West Lincoln, NE"	"Lincoln, NE"
"Cammack Village, AR"	"Little Rock North Little Rock Conway, AR"
"North Little Rock, AR"	"Little Rock North Little Rock Conway, AR"
"Nibley, UT"	"Logan, UT ID"
"North Logan, UT"	"Logan, UT ID"
"Hyde Park, UT"	"Logan, UT ID"
"Providence, UT"	"Logan, UT ID"
"River Heights, UT"	"Logan, UT ID"
"Millville, UT"	"Logan, UT ID"
"Logan, UT"	"Logan, UT ID"
"Longview, TX"	"Longview, TX"
"Longview Heights, WA"	"Longview, WA"
"Rainier, OR"	"Longview, WA"
"Lexington, WA"	"Longview, WA"
"Longview, WA"	"Longview, WA"
"Kelso, WA"	"Longview, WA"
"City Terrace, CA"	"Los Angeles Long Beach Anaheim, CA"
"Vernon, CA"	"Los Angeles Long Beach Anaheim, CA"
"Audubon Park, KY"	"Louisville/Jefferson County, KY IN"
"Parkway Village, KY"	"Louisville/Jefferson County, KY IN"
"Lubbock, TX"	"Lubbock, TX"
"Madison Heights, VA"	"Lynchburg, VA"
"Lynchburg, VA"	"Lynchburg, VA"
"Macon, GA"	"Macon Bibb County, GA"
"Payne, GA"	"Macon Bibb County, GA"
"Madera Acres, CA"	"Madera, CA"
"Parksdale, CA"	"Madera, CA"
"Parkwood, CA"	"Madera, CA"
"Madera, CA"	"Madera, CA"
"Shorewood Hills, WI"	"Madison, WI"
"Madison, WI"	"Madison, WI"
"Maple Bluff, WI"	"Madison, WI"
"South Hooksett, NH"	"Manchester Nashua, NH"
"Pinardville, NH"	"Manchester Nashua, NH"
"Manchester, NH"	"Manchester Nashua, NH"
"Manhattan, KS"	"Manhattan, KS"
"Skyline, MN"	"Mankato North Mankato, MN"
"North Mankato, MN"	"Mankato North Mankato, MN"
"Mankato, MN"	"Mankato North Mankato, MN"
"Mansfield, OH"	"Mansfield, OH"
"McAllen, TX"	"McAllen Edinburg Mission, TX"
"Pharr, TX"	"McAllen Edinburg Mission, TX"
"Medford, OR"	"Medford, OR"
"Central Point, OR"	"Medford, OR"
"Merced, CA"	"Merced, CA"
"Bear Creek, CA"	"Merced, CA"
"Gladeview, FL"	"Miami Fort Lauderdale West Palm Beach, FL"
"Fisher Island, FL"	"Miami Fort Lauderdale West Palm Beach, FL"
"Brownsville, FL"	"Miami Fort Lauderdale West Palm Beach, FL"
"El Portal, FL"	"Miami Fort Lauderdale West Palm Beach, FL"
"Miami, FL"	"Miami Fort Lauderdale West Palm Beach, FL"
"Waterford, IN"	"Michigan City La Porte, IN"
"Michigan City, IN"	"Michigan City La Porte, IN"
"Long Beach, IN"	"Michigan City La Porte, IN"
"Pottawattamie Park, IN"	"Michigan City La Porte, IN"
"Trail Creek, IN"	"Michigan City La Porte, IN"
"Town of Pines, IN"	"Michigan City La Porte, IN"
"Midland, TX"	"Midland, TX"
"West Milwaukee, WI"	"Milwaukee Waukesha West Allis, WI"
"Milwaukee, WI"	"Milwaukee Waukesha West Allis, WI"
"Shorewood, WI"	"Milwaukee Waukesha West Allis, WI"
"Minneapolis, MN"	"Minneapolis St. Paul Bloomington, MN WI"
"Columbia Heights, MN"	"Minneapolis St. Paul Bloomington, MN WI"
"Saint Anthony, MN"	"Minneapolis St. Paul Bloomington, MN WI"
"Lauderdale, MN"	"Minneapolis St. Paul Bloomington, MN WI"
"Orchard Homes, MT"	"Missoula, MT"
"Missoula, MT"	"Missoula, MT"
"Shackelford, CA"	"Modesto, CA"
"Ceres, CA"	"Modesto, CA"
"Modesto, CA"	"Modesto, CA"
"Bystrom, CA"	"Modesto, CA"
"Riverdale Park, CA"	"Modesto, CA"
"Brownsville, LA"	"Monroe, LA"
"West Monroe, LA"	"Monroe, LA"
"Monroe, LA"	"Monroe, LA"
"Bawcomville, LA"	"Monroe, LA"
"West Monroe, MI"	"Monroe, MI"
"Monroe, MI"	"Monroe, MI"
"South Monroe, MI"	"Monroe, MI"
"Montgomery, AL"	"Montgomery, AL"
"Star City, WV"	"Morgantown, WV"
"Westover, WV"	"Morgantown, WV"
"Dellslow, WV"	"Morgantown, WV"
"Morgantown, WV"	"Morgantown, WV"
"Osage, WV"	"Morgantown, WV"
"Granville, WV"	"Morgantown, WV"
"Witt, TN"	"Morristown, TN"
"Morristown, TN"	"Morristown, TN"
"Burlington, WA"	"Mount Vernon Anacortes, WA"
"Mount Vernon, WA"	"Mount Vernon Anacortes, WA"
"Muncie, IN"	"Muncie, IN"
"Muskegon Heights, MI"	"Muskegon, MI"
"North Muskegon, MI"	"Muskegon, MI"
"Roosevelt Park, MI"	"Muskegon, MI"
"Muskegon, MI"	"Muskegon, MI"
"Myrtle Beach, SC"	"Myrtle Beach Conway North Myrtle Beach, SC NC"
"Napa, CA"	"Napa, CA"
"Naples, FL"	"Naples Immokalee Marco Island, FL"
"East Naples, FL"	"Naples Immokalee Marco Island, FL"
"Berry Hill, TN"	"Nashville Davidson  Murfreesboro  Franklin, TN"
"Nashville, TN"	"Nashville Davidson  Murfreesboro  Franklin, TN"
"West Haven, CT"	"New Haven Milford, CT"
"New Haven, CT"	"New Haven Milford, CT"
"Terrytown, LA"	"New Orleans Metairie, LA"
"Harvey, LA"	"New Orleans Metairie, LA"
"Gretna, LA"	"New Orleans Metairie, LA"
"Union City, NJ"	"New York Newark Jersey City, NY NJ PA"
"Hoboken, NJ"	"New York Newark Jersey City, NY NJ PA"
"Jersey City, NJ"	"New York Newark Jersey City, NY NJ PA"
"Weehawken, NJ"	"New York Newark Jersey City, NY NJ PA"
"Bertrand, MI"	"Niles Benton Harbor, MI"
"Niles, MI"	"Niles Benton Harbor, MI"
"North Port, FL"	"North Port Sarasota Bradenton, FL"
"Warm Mineral Springs, FL"	"North Port Sarasota Bradenton, FL"
"Norwich, CT"	"Norwich New London, CT"
"Ocala, FL"	"Ocala, FL"
"Somers Point, NJ"	"Ocean City, NJ"
"Ocean City, NJ"	"Ocean City, NJ"
"Linwood, NJ"	"Ocean City, NJ"
"Longport, NJ"	"Ocean City, NJ"
"Odessa, TX"	"Odessa, TX"
"Ogden, UT"	"Ogden Clearfield, UT"
"Harrisville, UT"	"Ogden Clearfield, UT"
"Washington Terrace, UT"	"Ogden Clearfield, UT"
"South Ogden, UT"	"Ogden Clearfield, UT"
"Riverdale, UT"	"Ogden Clearfield, UT"
"Smith Village, OK"	"Oklahoma City, OK"
"Oklahoma City, OK"	"Oklahoma City, OK"
"Tumwater, WA"	"Olympia Tumwater, WA"
"Olympia, WA"	"Olympia Tumwater, WA"
"Omaha, NE"	"Omaha Council Bluffs, NE IA"
"Ralston, NE"	"Omaha Council Bluffs, NE IA"
"Fairview Shores, FL"	"Orlando Kissimmee Sanford, FL"
"Holden Heights, FL"	"Orlando Kissimmee Sanford, FL"
"Orlando, FL"	"Orlando Kissimmee Sanford, FL"
"Conway, FL"	"Orlando Kissimmee Sanford, FL"
"Edgewood, FL"	"Orlando Kissimmee Sanford, FL"
"Oshkosh, WI"	"Oshkosh Neenah, WI"
"Winnebago, WI"	"Oshkosh Neenah, WI"
"Owensboro, KY"	"Owensboro, KY"
"Channel Islands Beach, CA"	"Oxnard Thousand Oaks Ventura, CA"
"Port Hueneme, CA"	"Oxnard Thousand Oaks Ventura, CA"
"Oxnard, CA"	"Oxnard Thousand Oaks Ventura, CA"
"El Rio, CA"	"Oxnard Thousand Oaks Ventura, CA"
"Montalvo, CA"	"Oxnard Thousand Oaks Ventura, CA"
"Melbourne Beach, FL"	"Palm Bay Melbourne Titusville, FL"
"Malabar, FL"	"Palm Bay Melbourne Titusville, FL"
"Indialantic, FL"	"Palm Bay Melbourne Titusville, FL"
"Pretty Bayou, FL"	"Panama City, FL"
"Parker, FL"	"Panama City, FL"
"Panama City, FL"	"Panama City, FL"
"Cedar Grove, FL"	"Panama City, FL"
"Springfield, FL"	"Panama City, FL"
"Vienna, WV"	"Parkersburg Vienna, WV"
"Parkersburg, WV"	"Parkersburg Vienna, WV"
"Belpre, OH"	"Parkersburg Vienna, WV"
"Gulf Breeze, FL"	"Pensacola Ferry Pass Brent, FL"
"West Pensacola, FL"	"Pensacola Ferry Pass Brent, FL"
"Pensacola, FL"	"Pensacola Ferry Pass Brent, FL"
"Goulding, FL"	"Pensacola Ferry Pass Brent, FL"
"Brent, FL"	"Pensacola Ferry Pass Brent, FL"
"Peoria, IL"	"Peoria, IL"
"West Peoria, IL"	"Peoria, IL"
"East Peoria, IL"	"Peoria, IL"
"Creve Coeur, IL"	"Peoria, IL"
"Peoria Heights, IL"	"Peoria, IL"
"Camden, NJ"	"Philadelphia Camden Wilmington, PA NJ DE MD"
"Philadelphia, PA"	"Philadelphia Camden Wilmington, PA NJ DE MD"
"Pine Bluff, AR"	"Pine Bluff, AR"
"Pittsburgh, PA"	"Pittsburgh, PA"
"Green Tree, PA"	"Pittsburgh, PA"
"Mount Oliver, PA"	"Pittsburgh, PA"
"Millvale, PA"	"Pittsburgh, PA"
"Bauerstown, PA"	"Pittsburgh, PA"
"Dormont, PA"	"Pittsburgh, PA"
"Pittsfield, MA"	"Pittsfield, MA"
"Pocatello, ID"	"Pocatello, ID"
"Chubbuck, ID"	"Pocatello, ID"
"Port Saint Lucie, FL"	"Portland South Portland, ME"
"River Park, FL"	"Portland South Portland, ME"
"Portland, ME"	"Portland Vancouver Hillsboro, OR WA"
"Falmouth, ME"	"Portland Vancouver Hillsboro, OR WA"
"South Portland, ME"	"Portland Vancouver Hillsboro, OR WA"
"Portland, OR"	"Port St. Lucie, FL"
"Prescott, AZ"	"Prescott, AZ"
"Providence, RI"	"Providence Warwick, RI MA"
"East Providence, RI"	"Providence Warwick, RI MA"
"Pawtucket, RI"	"Providence Warwick, RI MA"
"Central Falls, RI"	"Providence Warwick, RI MA"
"Provo, UT"	"Provo Orem, UT"
"Blende, CO"	"Pueblo, CO"
"Pueblo, CO"	"Pueblo, CO"
"Salt Creek, CO"	"Pueblo, CO"
"Charlotte Harbor, FL"	"Punta Gorda, FL"
"Punta Gorda, FL"	"Punta Gorda, FL"
"Cleveland, FL"	"Punta Gorda, FL"
"Charlotte Park, FL"	"Punta Gorda, FL"
"Solana, FL"	"Punta Gorda, FL"
"Racine, WI"	"Racine, WI"
"Elmwood Park, WI"	"Racine, WI"
"Wind Point, WI"	"Racine, WI"
"North Bay, WI"	"Racine, WI"
"Raleigh, NC"	"Raleigh, NC"
"Rapid City, SD"	"Rapid City, SD"
"Lincoln Park, PA"	"Reading, PA"
"Reading, PA"	"Reading, PA"
"Wyomissing, PA"	"Reading, PA"
"Spring Ridge, PA"	"Reading, PA"
"Laureldale, PA"	"Reading, PA"
"Saint Lawrence, PA"	"Reading, PA"
"Montrose Manor, PA"	"Reading, PA"
"Reiffton, PA"	"Reading, PA"
"Grill, PA"	"Reading, PA"
"Muhlenberg Park, PA"	"Reading, PA"
"Colony Park, PA"	"Reading, PA"
"Kenhorst, PA"	"Reading, PA"
"Stony Creek Mills, PA"	"Reading, PA"
"South Temple, PA"	"Reading, PA"
"Flying Hills, PA"	"Reading, PA"
"Wyomissing Hills, PA"	"Reading, PA"
"River View Park, PA"	"Reading, PA"
"West Lawn, PA"	"Reading, PA"
"Shillington, PA"	"Reading, PA"
"Pennwyn, PA"	"Reading, PA"
"West Reading, PA"	"Reading, PA"
"Mount Penn, PA"	"Reading, PA"
"West Wyomissing, PA"	"Reading, PA"
"Greenfields, PA"	"Reading, PA"
"Fox Chase, PA"	"Reading, PA"
"Pennside, PA"	"Reading, PA"
"Redding, CA"	"Redding, CA"
"Reno, NV"	"Reno, NV"
"East Highland Park, VA"	"Richmond, VA"
"Richmond, VA"	"Richmond, VA"
"Montrose, VA"	"Richmond, VA"
"Rubidoux, CA"	"Riverside San Bernardino Ontario, CA"
"Belltown, CA"	"Riverside San Bernardino Ontario, CA"
"Riverside, CA"	"Riverside San Bernardino Ontario, CA"
"Sunnyslope, CA"	"Riverside San Bernardino Ontario, CA"
"Vinton, VA"	"Roanoke, VA"
"Roanoke, VA"	"Roanoke, VA"
"Rochester, MN"	"Rochester, MN"
"Brighton, NY"	"Rochester, NY"
"Rochester, NY"	"Rochester, NY"
"Irondequoit, NY"	"Rochester, NY"
"Rockford, IL"	"Rockford, IL"
"Rocky Mount, NC"	"Rocky Mount, NC"
"Rome, GA"	"Rome, GA"
"West Sacramento, CA"	"Sacramento  Roseville  Arden Arcade, CA"
"Sacramento, CA"	"Sacramento  Roseville  Arden Arcade, CA"
"Zilwaukee, MI"	"Saginaw, MI"
"Buena Vista, MI"	"Saginaw, MI"
"Saginaw, MI"	"Saginaw, MI"
"Four Corners, OR"	"Salem, OR"
"Salem, OR"	"Salem, OR"
"Keizer, OR"	"Salem, OR"
"Salinas, CA"	"Salinas, CA"
"Boronda, CA"	"Salinas, CA"
"Spreckels, CA"	"Salinas, CA"
"Fruitland, MD"	"Salisbury, MD"
"Salisbury, MD"	"Salisbury, MD"
"South Salt Lake, UT"	"Salt Lake City, UT"
"Salt Lake City, UT"	"Salt Lake City, UT"
"San Angelo, TX"	"San Angelo, TX"
"Olmos Park, TX"	"San Antonio New Braunfels, TX"
"San Antonio, TX"	"San Antonio New Braunfels, TX"
"Alamo Heights, TX"	"San Antonio New Braunfels, TX"
"Coronado, CA"	"San Diego Carlsbad, CA"
"San Francisco, CA"	"San Francisco Oakland Hayward, CA"
"San Jose, CA"	"San Jose Sunnyvale Santa Clara, CA"
"Fruitdale, CA"	"San Jose Sunnyvale Santa Clara, CA"
"San Luis Obispo, CA"	"San Luis Obispo Paso Robles Arroyo Grande, CA"
"Paradise Park, CA"	"Santa Cruz Watsonville, CA"
"Pasatiempo, CA"	"Santa Cruz Watsonville, CA"
"Twin Lakes, CA"	"Santa Cruz Watsonville, CA"
"Opal Cliffs, CA"	"Santa Cruz Watsonville, CA"
"Santa Cruz, CA"	"Santa Cruz Watsonville, CA"
"Tesuque, NM"	"Santa Fe, NM"
"Santa Fe, NM"	"Santa Fe, NM"
"Santa Maria, CA"	"Santa Maria Santa Barbara, CA"
"Santa Rosa, CA"	"Santa Rosa, CA"
"Roseland, CA"	"Santa Rosa, CA"
"Dunmore, PA"	"ScrantonûWilkes BarreûHazleton, PA"
"Scranton, PA"	"ScrantonûWilkes BarreûHazleton, PA"
"Dickson City, PA"	"ScrantonûWilkes BarreûHazleton, PA"
"Moosic, PA"	"ScrantonûWilkes BarreûHazleton, PA"
"Taylor, PA"	"ScrantonûWilkes BarreûHazleton, PA"
"Meridian, WA"	"Seattle Tacoma Bellevue, WA"
"Seattle, WA"	"Seattle Tacoma Bellevue, WA"
"Roseland, FL"	"Sebastian Vero Beach, FL"
"Orchid, FL"	"Sebastian Vero Beach, FL"
"Sebastian, FL"	"Sebastian Vero Beach, FL"
"Micco, FL"	"Sebastian Vero Beach, FL"
"Sheboygan, WI"	"Sheboygan, WI"
"Kohler, WI"	"Sheboygan, WI"
"Sherman, TX"	"Sherman Denison, TX"
"Knollwood, TX"	"Sherman Denison, TX"
"North Highlands, LA"	"Shreveport Bossier City, LA"
"Brownlee, LA"	"Shreveport Bossier City, LA"
"Sioux City, IA"	"Sioux City, IA"
"South Sioux City, NE"	"Sioux City, IA"
"Sioux Falls, SD"	"Sioux Falls, SD"
"South Bend, IN"	"South Bend Mishawaka, IN"
"Indian Village, IN"	"South Bend Mishawaka, IN"
"Roseland, IN"	"South Bend Mishawaka, IN"
"Arcadia, SC"	"Spartanburg, SC"
"Spartanburg, SC"	"Spartanburg, SC"
"Valley Falls, SC"	"Spartanburg, SC"
"Saxon, SC"	"Spartanburg, SC"
"Spokane, WA"	"Spokane Spokane Valley, WA"
"Town and Country, WA"	"Spokane Spokane Valley, WA"
"Springfield, IL"	"Springfield, MO"
"Southern View, IL"	"Springfield, MO"
"Leland Grove, IL"	"Springfield, MO"
"Jerome, IL"	"Springfield, MO"
"Grandview, IL"	"Springfield, OH"
"Sauk Rapids, MN"	"St. Cloud, MN"
"Saint Cloud, MN"	"St. Cloud, MN"
"Saint George, UT"	"St. George, UT"
"Elwood, KS"	"St. Joseph, MO"
"Saint Joseph, MO"	"St. Joseph, MO"
"Saint Louis, MO"	"St. Louis, MO"
"Cahokia, IL"	"St. Louis, MO"
"East Saint Louis, IL"	"St. Louis, MO"
"Brooklyn, IL"	"St. Louis, MO"
"Venice, IL"	"St. Louis, MO"
"Sauget, IL"	"St. Louis, MO"
"Toftrees, PA"	"State College, PA"
"State College, PA"	"State College, PA"
"Pine Grove Mills, PA"	"State College, PA"
"Lemont, PA"	"State College, PA"
"Houserville, PA"	"State College, PA"
"Park Forest Village, PA"	"State College, PA"
"Lincoln Village, CA"	"Stockton Lodi, CA"
"Garden Acres, CA"	"Stockton Lodi, CA"
"Country Club, CA"	"Stockton Lodi, CA"
"Kennedy, CA"	"Stockton Lodi, CA"
"August, CA"	"Stockton Lodi, CA"
"Stockton, CA"	"Stockton Lodi, CA"
"Pocalla Springs, SC"	"Sumter, SC"
"East Sumter, SC"	"Sumter, SC"
"South Sumter, SC"	"Sumter, SC"
"Mulberry, SC"	"Sumter, SC"
"Sumter, SC"	"Sumter, SC"
"Mattydale, NY"	"Syracuse, NY"
"Syracuse, NY"	"Syracuse, NY"
"Lyncourt, NY"	"Syracuse, NY"
"Galeville, NY"	"Syracuse, NY"
"Solvay, NY"	"Syracuse, NY"
"Tallahassee, FL"	"Tallahassee, FL"
"Tampa, FL"	"Tampa St. Petersburg Clearwater, FL"
"Saint Mary-of-the-Woods, IN"	"Terre Haute, IN"
"West Terre Haute, IN"	"Terre Haute, IN"
"Toad Hop, IN"	"Terre Haute, IN"
"Terre Haute, IN"	"Terre Haute, IN"
"Texarkana, TX"	"Texarkana, TX"
"Texarkana, AR"	"Texarkana, TX"
"Toledo, OH"	"Toledo, OH"
"Topeka, KS"	"Topeka, KS"
"White Horse, NJ"	"Trenton, NJ"
"Trenton, NJ"	"Trenton, NJ"
"Bakersville, NJ"	"Trenton, NJ"
"Morrisville, PA"	"Trenton, NJ"
"Mercerville, NJ"	"Trenton, NJ"
"East Trenton Heights, NJ"	"Trenton, NJ"
"Slackwoods, NJ"	"Trenton, NJ"
"Eldridge Park, NJ"	"Trenton, NJ"
"South Tucson, AZ"	"Tucson, AZ"
"Northport, AL"	"Tuscaloosa, AL"
"Tuscaloosa, AL"	"Tuscaloosa, AL"
"Tyler, TX"	"Tyler, TX"
"Utica, NY"	"Utica Rome, NY"
"Whitesboro, NY"	"Utica Rome, NY"
"Yorkville, NY"	"Utica Rome, NY"
"New Hartford, NY"	"Utica Rome, NY"
"New York Mills, NY"	"Utica Rome, NY"
"Remerton, GA"	"Valdosta, GA"
"Valdosta, GA"	"Valdosta, GA"
"Crockett, CA"	"Vallejo Fairfield, CA"
"Rodeo, CA"	"Vallejo Fairfield, CA"
"Vallejo, CA"	"Vallejo Fairfield, CA"
"Victoria, TX"	"Victoria, TX"
"Newfield, NJ"	"Vineland Bridgeton, NJ"
"Vineland, NJ"	"Vineland Bridgeton, NJ"
"Visalia, CA"	"Visalia Porterville, CA"
"Beverly Hills, TX"	"Waco, TX"
"Waco, TX"	"Waco, TX"
"Beverly, TX"	"Waco, TX"
"Warner Robins, GA"	"Warner Robins, GA"
"Centerville, GA"	"Warner Robins, GA"
"Washington, DC"	"Washington Arlington Alexandria, VA"
"Waterloo, IA"	"Waterloo Cedar Falls, IA"
"Rib Mountain, WI"	"Wausau, WI"
"Schofield, WI"	"Wausau, WI"
"Wausau, WI"	"Wausau, WI"
"Bridgeport, OH"	"Wheeling, OH"
"Brookside, OH"	"Wheeling, OH"
"Bellaire, OH"	"Wheeling, OH"
"Martins Ferry, OH"	"Wheeling, OH"
"Benwood, WV"	"Wheeling, OH"
"Bethlehem, WV"	"Wheeling, OH"
"Wolfhurst, OH"	"Wheeling, OH"
"Wheeling, WV"	"Wheeling, OH"
"Wichita Falls, TX"	"Wichita Falls, TX"
"Wichita, KS"	"Wichita, KS"
"Kenmar, PA"	"Williamsport, PA"
"South Williamsport, PA"	"Williamsport, PA"
"Duboistown, PA"	"Williamsport, PA"
"Garden View, PA"	"Williamsport, PA"
"Williamsport, PA"	"Williamsport, PA"
"Faxon, PA"	"Williamsport, PA"
"Wilmington, NC"	"Wilmington, NC"
"Wrightsboro, NC"	"Wilmington, NC"
"Belville, NC"	"Wilmington, NC"
"Hightsville, NC"	"Wilmington, NC"
"Winchester, VA"	"Winchester, VA"
"Winston-Salem, NC"	"Winston Salem, NC"
"Worcester, MA"	"Worcester, MA"
"Fruitvale, WA"	"Yakima, WA"
"South Broadway, WA"	"Yakima, WA"
"Union Gap, WA"	"Yakima, WA"
"Yakima, WA"	"Yakima, WA"
"Terrace Heights, WA"	"Yakima, WA"
"Selah, WA"	"Yakima, WA"
"North York, PA"	"York Hanover, PA"
"Emigsville, PA"	"York Hanover, PA"
"Shiloh, PA"	"York Hanover, PA"
"West York, PA"	"York Hanover, PA"
"East York, PA"	"York Hanover, PA"
"Grantley, PA"	"York Hanover, PA"
"York, PA"	"York Hanover, PA"
"Pleasureville, PA"	"York Hanover, PA"
"Spry, PA"	"York Hanover, PA"
"Youngstown, OH"	"Youngstown Warren Boardman, OH"
"Boardman, OH"	"Youngstown Warren Boardman, OH"
"Campbell, OH"	"Youngstown Warren Boardman, OH"
"Marysville, CA"	"Yuba City, CA"
"Yuba City, CA"	"Yuba City, CA"
"Winterhaven, CA"	"Yuma, AZ"
